FeatureID,Kingdom,Phylum,Class,Order,Family,Genus,Species
a78248289bea10d8902b4263644ce0fc,Unassigned,NA,NA,NA,NA,NA,NA
189a0e3f2c2222c6d4006006f351da4b,Unassigned,NA,NA,NA,NA,NA,NA
e54af40f830432994ae2aeac5f76e04f,Unassigned,NA,NA,NA,NA,NA,NA
444e8b3123d6a8022b3789783e38a19e,Unassigned,NA,NA,NA,NA,NA,NA
ab177b43eebcb75ae6349a8afa235f3c,Unassigned,NA,NA,NA,NA,NA,NA
a7e7b4e5096f391524f77d36f211955b,Unassigned,NA,NA,NA,NA,NA,NA
a6cfe230175762cddb7b91684fda0d76,Unassigned,NA,NA,NA,NA,NA,NA
b64dbabd517173a40151779bd4ab45f0,Unassigned,NA,NA,NA,NA,NA,NA
98cfd42329526858c77349be1bea9aa2,Unassigned,NA,NA,NA,NA,NA,NA
44404ea2d892a1f7234df59fddc12a27,Unassigned,NA,NA,NA,NA,NA,NA
57598e5e346a118f251af3bf3c44de94,Unassigned,NA,NA,NA,NA,NA,NA
2d935cf5500716b2fb8c30365089d19a,Unassigned,NA,NA,NA,NA,NA,NA
441ad998895489a48b57e4762ea035a4,Unassigned,NA,NA,NA,NA,NA,NA
5301817062e0b3dfa709f1c7af5c9c33,Unassigned,NA,NA,NA,NA,NA,NA
4f018faac87a2d315ec8278786d86665,Unassigned,NA,NA,NA,NA,NA,NA
511ab10683766708a123afd660067c14,Unassigned,NA,NA,NA,NA,NA,NA
6a3d5bb3ee69d760deeab041ebaae589,Unassigned,NA,NA,NA,NA,NA,NA
b7612dd0eac277cef1f7a47a6c8d22f4,Unassigned,NA,NA,NA,NA,NA,NA
3fb3ccb11608f9a192172db62539ee4f,Unassigned,NA,NA,NA,NA,NA,NA
4e51634d8d032dd508a5fe1bc61462c5,Unassigned,NA,NA,NA,NA,NA,NA
1d483855d25a262c25d92b09242fa09c,Unassigned,NA,NA,NA,NA,NA,NA
e29b6cef6a6805b4625c2ab5a2606e66,Unassigned,NA,NA,NA,NA,NA,NA
9a74d4ac9a5fe61ec6b809eca648a76d,Unassigned,NA,NA,NA,NA,NA,NA
1114adff30e502551608274bfa052e31,Unassigned,NA,NA,NA,NA,NA,NA
2b4601fa1906bbdf5840267993b5e91e,Unassigned,NA,NA,NA,NA,NA,NA
a1c1e8b5c88617fc5028eb4d63776486,Unassigned,NA,NA,NA,NA,NA,NA
d20ef69edf8d0931169faec95eae4c3f,Unassigned,NA,NA,NA,NA,NA,NA
709435b6ba41765425bb400ae8fefe51,Unassigned,NA,NA,NA,NA,NA,NA
138bd30c9a0d4cb6da820b62d7962cf9,Unassigned,NA,NA,NA,NA,NA,NA
766b24631cf125a5ca1d7a14ef117f5c,Unassigned,NA,NA,NA,NA,NA,NA
3b943a9f8f7f3717bccd32a9ef6ab0d0,Unassigned,NA,NA,NA,NA,NA,NA
4317680b2e639d8cd84b8f6aebcbc438,Unassigned,NA,NA,NA,NA,NA,NA
9e1d89e962229bfc5676be86dc6ca91b,Unassigned,NA,NA,NA,NA,NA,NA
f6a4c7223cfbaf9ea7b7e15e23ec1dd2,Unassigned,NA,NA,NA,NA,NA,NA
e250bb768cf447ebda2f27aa2e99ecf0,Unassigned,NA,NA,NA,NA,NA,NA
c335aad96791962b94c3cd126ce3c3d7,Unassigned,NA,NA,NA,NA,NA,NA
716113c2e854651b79e4869a4b7e7741,Unassigned,NA,NA,NA,NA,NA,NA
30318cb044c3611da4d377a608e69098,Unassigned,NA,NA,NA,NA,NA,NA
d1c4db2ab0c2e2a7cdb31a67b2caac0b,Unassigned,NA,NA,NA,NA,NA,NA
1ac55ac94d09e1624446821409e6b116,Unassigned,NA,NA,NA,NA,NA,NA
eb021927e4c06940785350d3f97aae30,Unassigned,NA,NA,NA,NA,NA,NA
f187ac6488459f0ce122bdaf93892ccd,Unassigned,NA,NA,NA,NA,NA,NA
2ba6fb4c8055d1d3636eb5958946b707,Unassigned,NA,NA,NA,NA,NA,NA
ae25dc35f9b03ad33d223c9806456a38,Unassigned,NA,NA,NA,NA,NA,NA
4e1b34c12fdb1ea38fa23956e0a9ef2b,Unassigned,NA,NA,NA,NA,NA,NA
8659aec29feef119ef5ac2a2a6a8d51d,Unassigned,NA,NA,NA,NA,NA,NA
3a07a74322f1f1f0c150d206c0a8a6f2,Unassigned,NA,NA,NA,NA,NA,NA
6a7dea3521d893f0506ce8f71e82b16d,Unassigned,NA,NA,NA,NA,NA,NA
02ea3f02c7d0774ed889efcec83049c4,Unassigned,NA,NA,NA,NA,NA,NA
a41c6345807137b6e7f60902f885aa85,Unassigned,NA,NA,NA,NA,NA,NA
c84b33c04af8bf76b934d01f0a5982a5,Unassigned,NA,NA,NA,NA,NA,NA
9531ed191c63c38c728eb33987ae6645,Unassigned,NA,NA,NA,NA,NA,NA
0e9a115a5bbcdf564ccb764bca40c07a,Unassigned,NA,NA,NA,NA,NA,NA
0172f36bf471c693b0d3d95dc36a7498,Unassigned,NA,NA,NA,NA,NA,NA
002cb38d29c0c42b97be052206d23445,Unassigned,NA,NA,NA,NA,NA,NA
e9fc75b5a6ee97b1593f595895a20e50,Unassigned,NA,NA,NA,NA,NA,NA
8544b6f3c9703a5eb7941e1154751a95,Unassigned,NA,NA,NA,NA,NA,NA
1e5bc34cec12e47e0df0ad83f5f2d19e,Unassigned,NA,NA,NA,NA,NA,NA
56490332a5c1cc9e89e5ced7ecdd2f18,Unassigned,NA,NA,NA,NA,NA,NA
1262ed6d581044463f38602ab50fcc78,Unassigned,NA,NA,NA,NA,NA,NA
06dcc54a5fedf68b91e865ed4493760a,Unassigned,NA,NA,NA,NA,NA,NA
ca8cb86d6018e054d6de41b026d1d959,Unassigned,NA,NA,NA,NA,NA,NA
5761edb2447863acae408673c85ce29f,Unassigned,NA,NA,NA,NA,NA,NA
6e4d7d4df3212ae3a4ed25fcf0abe886,Unassigned,NA,NA,NA,NA,NA,NA
0d8498bfd77bd910a90e62e7d6ddf3de,Unassigned,NA,NA,NA,NA,NA,NA
233225c99e19de108ce6b6f44a4597d8,Unassigned,NA,NA,NA,NA,NA,NA
91fcf638e5c1a930e1da03639fb6cb70,Unassigned,NA,NA,NA,NA,NA,NA
2dbaffcd82c55ba4a8e6ffed4fac1526,Unassigned,NA,NA,NA,NA,NA,NA
b4a922c30a6febafdcb0351c97612e20,Unassigned,NA,NA,NA,NA,NA,NA
52b0088a568510d5b9b56106173ca59f,Unassigned,NA,NA,NA,NA,NA,NA
3a51247c9ac1a45cc2d2a6abf61d19bd,Unassigned,NA,NA,NA,NA,NA,NA
4c07a188e29d07668c7219a5faa621d8,Unassigned,NA,NA,NA,NA,NA,NA
00e80855198cb8645477b5efa75dbee4,Unassigned,NA,NA,NA,NA,NA,NA
6c57bb0ebc98cdb125d06283bfd7e15f,Unassigned,NA,NA,NA,NA,NA,NA
df2e14b643fbd34460c884deb9a9e7f9,Unassigned,NA,NA,NA,NA,NA,NA
08e99888b7f5d5ba0ef45bd2a696d771,Unassigned,NA,NA,NA,NA,NA,NA
cdd8286ab88b00ee4846c360887f77d7,Unassigned,NA,NA,NA,NA,NA,NA
a77fa61dfec29784917137c94aff6b50,Unassigned,NA,NA,NA,NA,NA,NA
e8599bb117e1a0935d0cbb1e57dcbb6a,Chromista,Myzozoa,Dinophyceae,Suessiales,Symbiodiniaceae,Gerakladium, G3-AB253788.1
0eb33d002d65710a6338766d2022b76d,Chromista,Myzozoa,Dinophyceae,Suessiales,Symbiodiniaceae,Gerakladium, G3-JQ247051.1
3475109fd45f1b1bcc2af78a7045df6e,Unassigned,NA,NA,NA,NA,NA,NA
5fb11aa613eeabb31e3132a0ce84e38c,Unassigned,NA,NA,NA,NA,NA,NA
f0d9ceff20d00c44998c5b977a12f801,Chromista,Myzozoa,Dinophyceae,Suessiales,Symbiodiniaceae,Durusdinium, D1-EU074894.1
c84bf157ddbeeb8171b3e7e6b26da324,Unassigned,NA,NA,NA,NA,NA,NA
7272208434d823cde647c7b49f9dcce6,Chromista,Myzozoa,Dinophyceae,Suessiales,Symbiodiniaceae,Durusdinium, D1a-AF174556.1
03454ff2c28287e96592177ceb76c8e5,Chromista,Myzozoa,Dinophyceae,Suessiales,Symbiodiniaceae,Durusdinium, D9-KU842643.1
41c7e64ecfc0499b3a6f28b610c5f4cf,Unassigned,NA,NA,NA,NA,NA,NA
e9137c5210d2c872a882fb837ba143b6,Unassigned,NA,NA,NA,NA,NA,NA
943607048166ddd825fb39d405efbb86,Unassigned,NA,NA,NA,NA,NA,NA
88ca28c65bcf596288f234cda0fd1182,Chromista,Myzozoa,Dinophyceae,Suessiales,Symbiodiniaceae,Durusdinium, D1a-AB778750.1
477aa3eae6ab97f0b98ddaacf44c75f0,Unassigned,NA,NA,NA,NA,NA,NA
fc5104244624a9cadaed0692418a83f4,Unassigned,NA,NA,NA,NA,NA,NA
26a156662c3cd74a67e2f5b7b86f57fc,Unassigned,NA,NA,NA,NA,NA,NA
b72c210e6eb103f301ac85cf5c52ce14,Chromista,Myzozoa,Dinophyceae,Suessiales,Symbiodiniaceae,Cladocopium, C27_C30type1-KF623574.1
63f2ecc4dbe8f9c5281c0aedd80639ef,Chromista,Myzozoa,Dinophyceae,Suessiales,Symbiodiniaceae,Cladocopium, C27_C30type1-KF623589.1
d70f0fcbc9a4bb92bcc1afde74cd7f7e,Unassigned,NA,NA,NA,NA,NA,NA
f5c26f7c372540617db2e55041062de8,Chromista,Myzozoa,Dinophyceae,Suessiales,Symbiodiniaceae,Cladocopium, C27_C30type1-EU703806.1
46fb4a85170ba5bf42a0f98c87a54481,Unassigned,NA,NA,NA,NA,NA,NA
c93d498bcfbbbcc6bb95f5b2cdab721c,Unassigned,NA,NA,NA,NA,NA,NA
c7bda4ee617f795a1c11304c23109964,Unassigned,NA,NA,NA,NA,NA,NA
cd3eed3defd9abd1c75aedf59e3b07cd,Unassigned,NA,NA,NA,NA,NA,NA
f872b9dcf4bef961d0a4700e607d0800,Unassigned,NA,NA,NA,NA,NA,NA
dbf0ac13ffcd96573c20a4e1a53b3e76,Chromista,Myzozoa,Dinophyceae,Suessiales,Symbiodiniaceae,Cladocopium, C1-KY988287.1
4b6b5a860260073118c30998e432f904,Unassigned,NA,NA,NA,NA,NA,NA
33f2415b5f40fdd944f054d252e97b7c,Unassigned,NA,NA,NA,NA,NA,NA
523fb5f297913436f092853bc216de91,Unassigned,NA,NA,NA,NA,NA,NA
7d1d4594dc6d9a76414149528d850a10,Unassigned,NA,NA,NA,NA,NA,NA
0fc42f87a1724c280a8653e68b722041,Chromista,Myzozoa,Dinophyceae,Suessiales,Symbiodiniaceae,Cladocopium, C3.8-FJ461503.1
c68d91dce0aeadac1b2f86dada793e2d,Unassigned,NA,NA,NA,NA,NA,NA
d8109b9b3287d799636e49fdc54455ad,Unassigned,NA,NA,NA,NA,NA,NA
555e086cd2f108e99ce94c0572f10b4a,Unassigned,NA,NA,NA,NA,NA,NA
e4b08427fabf29ab8b13a5c2cf889b61,Chromista,Myzozoa,Dinophyceae,Suessiales,Symbiodiniaceae,Cladocopium, C15.7
4b54777840cbebc0120431f258480089,Unassigned,NA,NA,NA,NA,NA,NA
ad6bee7730f282aadd6a86523e4224a3,Unassigned,NA,NA,NA,NA,NA,NA
fed9734c772ecb71096000b9aa9cd6a1,Unassigned,NA,NA,NA,NA,NA,NA
fe15334373f76d5d902ea616726a8509,Unassigned,NA,NA,NA,NA,NA,NA
89b372bef9d64667edc5832e18df7467,Unassigned,NA,NA,NA,NA,NA,NA
1e8b1dc925153616b174d0017d226eab,Unassigned,NA,NA,NA,NA,NA,NA
39b9984d28d22163fe8d64cd07c84cc3,Unassigned,NA,NA,NA,NA,NA,NA
70b6db552ce09486ce54efe6a96688b8,Chromista,Myzozoa,Dinophyceae,Suessiales,Symbiodiniaceae,Cladocopium, C15-KF623656.1
2dd6d35b62560743387656b8a3e1b9ac,Chromista,Myzozoa,Dinophyceae,Suessiales,Symbiodiniaceae,Cladocopium, C116-GU111899.1
61182855bfcfb09d2e7c311366590a92,Unassigned,NA,NA,NA,NA,NA,NA
5ea2f546efb6e4055f06ee1a336da56e,Unassigned,NA,NA,NA,NA,NA,NA
26a3793a74d7c7553515faf9e1414ca7,Chromista,Myzozoa,Dinophyceae,Suessiales,Symbiodiniaceae,Cladocopium, C1#-JF320827.1
96c366a00335a1682097540b9213e67b,Chromista,Myzozoa,Dinophyceae,Suessiales,Symbiodiniaceae,Cladocopium, C15h-EU118166.1
fdcc37ffded3730786ccb7f8150eff40,Unassigned,NA,NA,NA,NA,NA,NA
c30ba35f618885df4044e1c71dc7cd21,Unassigned,NA,NA,NA,NA,NA,NA
825dae89f479e92fff8af872f984f45e,Unassigned,NA,NA,NA,NA,NA,NA
350ba446366e64b8d85cdfad004ff5d4,Unassigned,NA,NA,NA,NA,NA,NA
f49d5243c37a39e67840cd340ca9079a,Unassigned,NA,NA,NA,NA,NA,NA
eb78d25417e71f195e4afb5fc883077b,Unassigned,NA,NA,NA,NA,NA,NA
9084085d2bac765995455607a31b0e03,Unassigned,NA,NA,NA,NA,NA,NA
e2f5995c219eda220012071651b1d78f,Unassigned,NA,NA,NA,NA,NA,NA
7536099b55ab2dea5e1a0f64cb7a5814,Unassigned,NA,NA,NA,NA,NA,NA
b246fc571309d999381e2c5ce33cba6b,Unassigned,NA,NA,NA,NA,NA,NA
d237c6d1082f5d2df7f92488b2be52e0,Chromista,Myzozoa,Dinophyceae,Suessiales,Symbiodiniaceae,Cladocopium, C21a-HQ650836.1
82751ad3fe222ea51f3f2bdda23efa1a,Unassigned,NA,NA,NA,NA,NA,NA
f5159047359333aafa027bb3bfbee220,Unassigned,NA,NA,NA,NA,NA,NA
188b4e77ff02108aaf1c2635f41cfe45,Unassigned,NA,NA,NA,NA,NA,NA
72b16e255f4eb2b6c9f196688c31075e,Chromista,Myzozoa,Dinophyceae,Suessiales,Symbiodiniaceae,Cladocopium, Cspc_C3-KY988166.1
7219116a457278a40758285fa2f5f04c,Unassigned,NA,NA,NA,NA,NA,NA
54f996c79955612728f4b33e1a41b746,Unassigned,NA,NA,NA,NA,NA,NA
9abda7d1bbb74d86539517d62d2ac9db,Unassigned,NA,NA,NA,NA,NA,NA
3d67610ceba25cbb64e4b4cb0dbbdb4e,Unassigned,NA,NA,NA,NA,NA,NA
a62187c13ceb6e5a9572c120982f282c,Unassigned,NA,NA,NA,NA,NA,NA
413c862b42f41256eab86d82a8eafb9b,Unassigned,NA,NA,NA,NA,NA,NA
468a2ab76784195626fa861b1e0597bb,Unassigned,NA,NA,NA,NA,NA,NA
47f1fa3eaf256f70e760a7a5031df913,Unassigned,NA,NA,NA,NA,NA,NA
b99a7c0bf3b29ba52083df4c8ef2aee8,Unassigned,NA,NA,NA,NA,NA,NA
22f0e6abf47059bec9eae71ca51eed6c,Unassigned,NA,NA,NA,NA,NA,NA
18b720e64c1ef8b8fd295b049d3a553f,Unassigned,NA,NA,NA,NA,NA,NA
c4ee023a191a021f4552c72e15599ed0,Unassigned,NA,NA,NA,NA,NA,NA
e5dbb8f648d668a11d64bc05bca2c86a,Unassigned,NA,NA,NA,NA,NA,NA
fe2dc0e4f9e3d788e50f44570659189f,Unassigned,NA,NA,NA,NA,NA,NA
1b6689d5727596f3e8d7fd237ba63642,Unassigned,NA,NA,NA,NA,NA,NA
2738e5f35ff9db329968e07f9511468b,Chromista,Myzozoa,Dinophyceae,Suessiales,Symbiodiniaceae,Cladocopium, C44-FJ646576.1
b071ef47c5b6b3ae941630042eb23ade,Chromista,Myzozoa,Dinophyceae,Suessiales,Symbiodiniaceae,Cladocopium, Cspc_C3-EU786011.1
6f0029f976ce75c5d3232ff35ceebf9f,Unassigned,NA,NA,NA,NA,NA,NA
66ab4d476afd3d2f624f772c6a7f9322,Unassigned,NA,NA,NA,NA,NA,NA
3786383076d3d6495104ce2f68bf587d,Chromista,Myzozoa,Dinophyceae,Suessiales,Symbiodiniaceae,Cladocopium, C3d_C21-KU841795.1
2155c877a0e674684b27099161f572d0,Unassigned,NA,NA,NA,NA,NA,NA
e9f470bd0609e95e982454b7bf315620,Unassigned,NA,NA,NA,NA,NA,NA
3f9f5f9f30433f65b3b673691699d077,Unassigned,NA,NA,NA,NA,NA,NA
f2e9e364199992b22505f60aee9f8379,Unassigned,NA,NA,NA,NA,NA,NA
ab853897e21e6f3701d5a4c354bfe65f,Chromista,Myzozoa,Dinophyceae,Suessiales,Symbiodiniaceae,Cladocopium, C58-AY589762.1
97264607ded1f156b9f698a13cc9a365,Unassigned,NA,NA,NA,NA,NA,NA
db38c04912e30d374df31acd212d8aff,Chromista,Myzozoa,Dinophyceae,Suessiales,Symbiodiniaceae,Cladocopium, C31-GU111893.1
2fe7b47c553221c0a66f41043bbdbc8b,Unassigned,NA,NA,NA,NA,NA,NA
2b694213e46d4b090a0bea1e900c893c,Unassigned,NA,NA,NA,NA,NA,NA
990a58efe0e6e69acaceb924d4d1e4fa,Unassigned,NA,NA,NA,NA,NA,NA
d22f548c40a3a4527fa596c81950e760,Unassigned,NA,NA,NA,NA,NA,NA
dd2355919f5e16c4254c29b8729f4084,Unassigned,NA,NA,NA,NA,NA,NA
a7e609b0e264c9ea0a87c7dae618d14a,Chromista,Myzozoa,Dinophyceae,Suessiales,Symbiodiniaceae,Cladocopium, Cspc_C3-EF656434.1
807f50593c1856cbbe60c95127c3b41b,Chromista,Myzozoa,Dinophyceae,Suessiales,Symbiodiniaceae,Cladocopium, C21.11-HQ630874.1
a79cc7863ffdbd95b4f2174a1be4fc10,Unassigned,NA,NA,NA,NA,NA,NA
b442c1f019c59b84132710af6b25ee8f,Unassigned,NA,NA,NA,NA,NA,NA
6c8f4d26ad4f6d4dc4e4a7e4fc592a1e,Unassigned,NA,NA,NA,NA,NA,NA
73658e84f0c251dea08456aff025ed29,Unassigned,NA,NA,NA,NA,NA,NA
0db6040bd3dc3b6a7b5f6086f891a5cc,Chromista,Myzozoa,Dinophyceae,Suessiales,Symbiodiniaceae,Cladocopium, C3.10-FJ461505.1
28e741a7ebaa950eceff3ca631949013,Unassigned,NA,NA,NA,NA,NA,NA
9e07e355d9659f18a235e755e968cf5b,Chromista,Myzozoa,Dinophyceae,Suessiales,Symbiodiniaceae,Cladocopium, C115a-EU786053.1
a214ddb18d8ea22b74e37394b14787cf,Unassigned,NA,NA,NA,NA,NA,NA
8ae9e53e254cd2ca8c8de53b2745db2a,Chromista,Myzozoa,Dinophyceae,Suessiales,Symbiodiniaceae,Cladocopium, C1-KF623594.1
faa414c551d38d0dc6c9ad4ee1722e49,Unassigned,NA,NA,NA,NA,NA,NA
6bf29d55c1140cfb3266eeaf431ec939,Unassigned,NA,NA,NA,NA,NA,NA
539b349d12a872706b7344b6f08a1454,Chromista,Myzozoa,Dinophyceae,Suessiales,Symbiodiniaceae,Cladocopium, C1ca_C1b_C1e-FJ529635.1
2a9ec9a41dca7ab19b62fcdfa9b96b5c,Unassigned,NA,NA,NA,NA,NA,NA
012cd684ba9edd44a4a2b61a602f36dc,Unassigned,NA,NA,NA,NA,NA,NA
9876fd13de7d688552b7f84444e608c4,Chromista,Myzozoa,Dinophyceae,Suessiales,Symbiodiniaceae,Cladocopium, C1-KF623680.1
003733aebd931462c4a2f8f5426fc1c7,Chromista,Myzozoa,Dinophyceae,Suessiales,Symbiodiniaceae,Cladocopium, C1a-KF623660.1
a0a832cb4e99c4ab30fc4be3cd0f7f22,Unassigned,NA,NA,NA,NA,NA,NA
2a7f52d7eff8eaff0fbefb59e74271c8,Unassigned,NA,NA,NA,NA,NA,NA
633bb1291a5a0242c1cb1d6749029cee,Chromista,Myzozoa,Dinophyceae,Suessiales,Symbiodiniaceae,Cladocopium, C1-KY988187.1
0e926687221dbf60444669dd3f26ade6,Unassigned,NA,NA,NA,NA,NA,NA
0261d223ac9309b527a55a8682ffe53f,Unassigned,NA,NA,NA,NA,NA,NA
f30b769dc5ba1bbbe09164baf27dda09,Unassigned,NA,NA,NA,NA,NA,NA
c17f3b29ca03d76bfa238851454defaa,Unassigned,NA,NA,NA,NA,NA,NA
1a0bd818b86e66143df657783aabb17b,Unassigned,NA,NA,NA,NA,NA,NA
07b4cffe1eeb3c6f620bbc2abfaef73a,Chromista,Myzozoa,Dinophyceae,Suessiales,Symbiodiniaceae,Cladocopium, C1-AB778611.1
018d118bc75ab9d300f28935df241104,Unassigned,NA,NA,NA,NA,NA,NA
651785bec7f8f7d76de18410174e3de9,Unassigned,NA,NA,NA,NA,NA,NA
c671f828fa6df5c1814c9e32ab9b27d5,Unassigned,NA,NA,NA,NA,NA,NA
552e842e1b49837d4139cc88e69dd5b7,Unassigned,NA,NA,NA,NA,NA,NA
2dd1a1926547a546f16118cda902cedb,Unassigned,NA,NA,NA,NA,NA,NA
8e9f94c2bbfc6a30919ab6d85399c1eb,Unassigned,NA,NA,NA,NA,NA,NA
3d25daa0232ad96b6d5c98d9ea54641b,Unassigned,NA,NA,NA,NA,NA,NA
4480c1de586afd44635075a641fa9d56,Unassigned,NA,NA,NA,NA,NA,NA
0cb81f74277ec36d23f28f6550c95de0,Chromista,Myzozoa,Dinophyceae,Suessiales,Symbiodiniaceae,Cladocopium, C1-KF623641.1
0ec711c4476fbe784cf4f6a1f4f5872c,Unassigned,NA,NA,NA,NA,NA,NA
8a94cce3f4c17ffe7fa47e9ac531e616,Chromista,Myzozoa,Dinophyceae,Suessiales,Symbiodiniaceae,Cladocopium, C#-KY988211.1
68d3a5fdb14cf48ad4c9591cf78932c8,Chromista,Myzozoa,Dinophyceae,Suessiales,Symbiodiniaceae,Cladocopium, C59-KY988245.1
fa439f54809ccb982972ff01a3fece9e,Unassigned,NA,NA,NA,NA,NA,NA
b94eaa5689bffbdb7692d78c2433d545,Chromista,Myzozoa,Dinophyceae,Suessiales,Symbiodiniaceae,Cladocopium, C#-KY988298.1
cfad11beb5f9ab5dedaedb73e05eef5e,Chromista,Myzozoa,Dinophyceae,Suessiales,Symbiodiniaceae,Cladocopium, C#-KY988269.1
6485967d85c143add31e60606fb553ac,Chromista,Myzozoa,Dinophyceae,Suessiales,Symbiodiniaceae,Cladocopium, C#-JF298201.1
cf4310f9f8e8f86cf45039d1658c6de5,Chromista,Myzozoa,Dinophyceae,Suessiales,Symbiodiniaceae,Cladocopium, C1.v1a-FJ919243.1
1acc43e1edecb17bb9709ea13fdfcd61,Chromista,Myzozoa,Dinophyceae,Suessiales,Symbiodiniaceae,Cladocopium, C1.v1a-FJ919243.1
b2f7030c43148c3d385d923697236084,Unassigned,NA,NA,NA,NA,NA,NA
6a7d5969fdc4f6385b7634ae17823488,Chromista,Myzozoa,Dinophyceae,Suessiales,Symbiodiniaceae,Cladocopium, C1j-FJ529645.1
46d80d6f613fac2b5bcd3ece6a4bd756,Unassigned,NA,NA,NA,NA,NA,NA
0f84b6bab012817e38354b808fe85748,Unassigned,NA,NA,NA,NA,NA,NA
80b11794b650da6aa2ff41419d437423,Chromista,Myzozoa,Dinophyceae,Suessiales,Symbiodiniaceae,Cladocopium, C1h-AY258473.1
2acf041920aad8b97ca3589dbdf6f5b9,Unassigned,NA,NA,NA,NA,NA,NA
072177185b16d9d131c416e55f0a0c31,Unassigned,NA,NA,NA,NA,NA,NA
774f529dd0abb7db60673a70f34b5839,Unassigned,NA,NA,NA,NA,NA,NA
0a572c2b2dc6850cfb949ac4d7eaadca,Unassigned,NA,NA,NA,NA,NA,NA
3065d8682237e5da34eb2f1cbc47034d,Chromista,Myzozoa,Dinophyceae,Suessiales,Symbiodiniaceae,Cladocopium, C42type1_C42a-AY237303.1
db9a26e1d8c91297131d30cfe2f9c004,Unassigned,NA,NA,NA,NA,NA,NA
c80a2cf7f6cac5b4acc02829682596a7,Unassigned,NA,NA,NA,NA,NA,NA
b8f01fa840bf8fe62ecc481a0cf23292,Unassigned,NA,NA,NA,NA,NA,NA
cd6a28826a6106166803198b3b2bc7dd,Chromista,Myzozoa,Dinophyceae,Suessiales,Symbiodiniaceae,Cladocopium, C42type1_C42a-KF623644.1
ca536b1a6b002197547bd1555c11ab91,Unassigned,NA,NA,NA,NA,NA,NA
9fafe5e0c26df9c33efc27a3b0e94cd4,Unassigned,NA,NA,NA,NA,NA,NA
b60914671261585cb10abd423276d780,Unassigned,NA,NA,NA,NA,NA,NA
af5ab64fbbb4abe6d03a8260911b9037,Unassigned,NA,NA,NA,NA,NA,NA
a0f302708607940be56eaa7b61b1a960,Chromista,Myzozoa,Dinophyceae,Suessiales,Symbiodiniaceae,Cladocopium, C1d-GU111885.1
a7ef60366f714660c7e605883dd24568,Unassigned,NA,NA,NA,NA,NA,NA
a4b7060a4d4340d8ec2ae3fdc9489fb3,Unassigned,NA,NA,NA,NA,NA,NA
919eb47475c479f30ba6c92789e9aa36,Unassigned,NA,NA,NA,NA,NA,NA
e88cd54380ab8b68362225571cc80db0,Chromista,Myzozoa,Dinophyceae,Suessiales,Symbiodiniaceae,Cladocopium, C1c.C45-DQ068025.1
d2095c663b358ba7f31ab568287bce5f,Chromista,Myzozoa,Dinophyceae,Suessiales,Symbiodiniaceae,Cladocopium, C1.6-FJ461493.1
502555491834e041314cad48268d218b,Unassigned,NA,NA,NA,NA,NA,NA
f4f255bd876e3f8a0f122cb55c92ec36,Unassigned,NA,NA,NA,NA,NA,NA
9321ab2afd97e8cc184eb538061ec974,Unassigned,NA,NA,NA,NA,NA,NA
26afc0e7799f478182bf1ab952d8e849,Unassigned,NA,NA,NA,NA,NA,NA
1b9464a625e417b5db9b436febf23fd0,Unassigned,NA,NA,NA,NA,NA,NA
9f0eb177525d22fbac68b429684abde0,Chromista,Myzozoa,Dinophyceae,Suessiales,Symbiodiniaceae,Cladocopium, C45.3-KF623602.1
eeb7d05e75a2d72bc7289041422f5e3f,Chromista,Myzozoa,Dinophyceae,Suessiales,Symbiodiniaceae,Cladocopium, C1-FJ529644.1
3c85a3301b8ab39948948f5a7b518a43,Chromista,Myzozoa,Dinophyceae,Suessiales,Symbiodiniaceae,Cladocopium, C45.3-KF623622.1
00295197bf78511a78fc5d7e579105d4,Chromista,Myzozoa,Dinophyceae,Suessiales,Symbiodiniaceae,Cladocopium, C45.3-KF623681.1
5eb5b2047be5c7c8ad8c6e8514629464,Unassigned,NA,NA,NA,NA,NA,NA
3edf06bfff9dfae3db9ebd2f0b39d689,Chromista,Myzozoa,Dinophyceae,Suessiales,Symbiodiniaceae,Cladocopium, C1f-KF623636.1
a62e7cbb181e30f3670c4cf66c6a33f7,Chromista,Myzozoa,Dinophyceae,Suessiales,Symbiodiniaceae,Cladocopium, C1f-KY988198.1
e8ebedbe3e2309abdf44c5b99c1143d8,Unassigned,NA,NA,NA,NA,NA,NA
96300ba29945347c47ee8aca9d7d62b2,Unassigned,NA,NA,NA,NA,NA,NA
03bdb470a057f7175470349d330949cc,Chromista,Myzozoa,Dinophyceae,Suessiales,Symbiodiniaceae,Cladocopium, C4-KU841838.1
19596c619a1bd063e474120410df3b5c,Unassigned,NA,NA,NA,NA,NA,NA
d1fc3659385105c12fb30e1ea3fa6ec4,Chromista,Myzozoa,Dinophyceae,Suessiales,Symbiodiniaceae,Cladocopium, C50-KJ806189.1
9672c4f1879d15e73c27b3f3a89a69e5,Unassigned,NA,NA,NA,NA,NA,NA
a9fe921671f981a759e8902df38a2c26,Unassigned,NA,NA,NA,NA,NA,NA
d30cea50204c665458822300da71769e,Unassigned,NA,NA,NA,NA,NA,NA
f316be97b07412e54f68e63b74d65402,Chromista,Myzozoa,Dinophyceae,Suessiales,Symbiodiniaceae,Cladocopium, C50-AB704050.1
5c5ddb96dde7793a6d895410760d0a51,Unassigned,NA,NA,NA,NA,NA,NA
367ce5c33fa25c36873bd8caca201fdc,Chromista,Myzozoa,Dinophyceae,Suessiales,Symbiodiniaceae,Cladocopium, C50-AB704050.1
1b84c0e336b8a0d96d0210af1f7b8d61,Unassigned,NA,NA,NA,NA,NA,NA
c92c67941e1b0d35ca334d3ba9d1defd,Unassigned,NA,NA,NA,NA,NA,NA
690e00bd92de69f30932980afd27c6ba,Unassigned,NA,NA,NA,NA,NA,NA
3a0fa6dcbc0d01b3fffce80a9386dcd4,Unassigned,NA,NA,NA,NA,NA,NA
9a0d9d9b1dfb73b1515c09007a74bcd4,Unassigned,NA,NA,NA,NA,NA,NA
2b75a80ce5f6194694b7e2610a623847,Chromista,Myzozoa,Dinophyceae,Suessiales,Symbiodiniaceae,Cladocopium, C1-DQ480600.1
4d0116bd2ae4547f8b14b94a824e2d2e,Chromista,Myzozoa,Dinophyceae,Suessiales,Symbiodiniaceae,Cladocopium, Cspc_C3-DQ335313.1
75dac86e46aa2ee61fd34866569a6799,Unassigned,NA,NA,NA,NA,NA,NA
f82e445b0880bb3dd7b89228260e5086,Chromista,Myzozoa,Dinophyceae,Suessiales,Symbiodiniaceae,Cladocopium, C3.14-HQ630872.1
901b9497e23f4b834cddaf9393aac8c9,Unassigned,NA,NA,NA,NA,NA,NA
5e89347a7929857d9cce80376e32c3ca,Unassigned,NA,NA,NA,NA,NA,NA
9c205e7d325720e48e89854e820463f4,Unassigned,NA,NA,NA,NA,NA,NA
6159a834110653ea9eaf2901e2be1f2d,Unassigned,NA,NA,NA,NA,NA,NA
722c40d7f1da9e8197f15c938e68b86e,Unassigned,NA,NA,NA,NA,NA,NA
bd9620526c0e8009b0dcc63b6831f75f,Unassigned,NA,NA,NA,NA,NA,NA
